{
  "display": {
    "icon": {
      "item": "minecraft:fishing_rod"
    },
    "title": {
      "text": "Afk Display+ 1.17.x Edition",
      "color": "e500ff",
      "bold": true,
      "italic": true,
      "underlined": false,
      "strikethrough": false,
      "obfuscated": false
    },
    "description": {
      "text": "This pack greys out your name after 2.5 minutes of inactivity. It also sends a message to the server when you go AFK.",
      "color": "gold",
      "bold": false,
      "italic": false,
      "underlined": false,
      "strikethrough": false,
      "obfuscated": false
    },
    "frame": "task",
    "show_toast": false,
    "announce_to_chat": false,
    "hidden": false
  },
  "parent": "vanilla_plus:vanilla_plus_tech/root",
  "criteria": {
    "nothing": {
      "trigger": "minecraft:tick",
      "conditions": {}
    }
  }
}
