{
  "display": {
    "icon": {
      "item": "minecraft:tripwire_hook"
    },
    "title": "Vanilla Plus Tech",
    "description": [
      "",
      {
        "text": "All loaded Vanilla Plus Tech data packs",
        "color": "gold"
      },
      {
        "text": "bowswa.tk/vanillaplus",
        "color": "yellow"
      }
    ],
    "background": "minecraft:textures/block/black_concrete.png",
    "frame": "challenge",
    "show_toast": false,
    "announce_to_chat": false
  },
  "criteria": {
    "tick": {
      "trigger": "minecraft:tick"
    }
  }
}
