{
  "display": {
    "icon": {
      "item": "minecraft:stone"
    },
    "title": "",
    "description": "",
    "show_toast": false,
    "announce_to_chat": false,
    "hidden": true
  },
  "parent": "minecraft:end/root",
  "criteria": {
    "kill_dragon": {
      "trigger": "minecraft:player_killed_entity",
      "conditions": {
        "player": [],
        "entity": [
          {
            "condition": "minecraft:entity_properties",
            "entity": "this",
            "predicate": {
              "type": "minecraft:ender_dragon"
            }
          }
        ]
      }
    }
  },
  "rewards": {
    "function": "ender_fight:end_fight"
  }
}