{
  "display": {
    "icon": {
      "item": "minecraft:stone"
    },
    "title": "Ender Dragon Fight Check",
    "description": "e",
    "frame": "task",
    "show_toast": false,
    "announce_to_chat": false,
    "hidden": true
  },
  "parent": "minecraft:end/root",
  "criteria": {
    "summoned_dragon": {
      "trigger": "minecraft:summoned_entity",
      "conditions": {
        "entity": [
          {
            "condition": "minecraft:entity_properties",
            "entity": "this",
            "predicate": {
              "type": "minecraft:ender_dragon"
            }
          }
        ]
      }
    }
  },
  "rewards": {
    "function": "ender_fight:start_fight"
  }
}